Policy_ID,Home_Value,Home_Age,Location,Coverage_Type,Claim_History,Risk_Rating,Premium_Amount
1,6923388,24,Semi-Urban,Basic,No,High,16861.388
2,7050634,14,Urban,Premium,Yes,Low,18011.634
3,4804572,32,Urban,Premium,No,Medium,20264.572
4,2734489,46,Semi-Urban,Basic,No,Low,16425.489
5,7704212,43,Urban,Premium,Yes,Low,24798.212
6,4972471,16,Semi-Urban,Premium,No,Low,15157.471000000001
7,5023669,4,Rural,Standard,Yes,Low,10315.669
8,7904852,37,Rural,Standard,No,Low,20925.852
9,5481505,21,Rural,Basic,No,Low,11781.505000000001
10,2266891,14,Semi-Urban,Basic,No,Medium,10289.891
11,5021373,31,Rural,Basic,No,Low,13647.373
12,6519877,48,Urban,Standard,No,Medium,20659.877
13,3844769,18,Rural,Basic,No,High,12372.769
14,9680351,7,Rural,Basic,Yes,Medium,14423.351
15,603355,10,Rural,Basic,Yes,Low,4968.355
16,1762752,7,Urban,Standard,No,High,9770.752
17,6164789,33,Semi-Urban,Premium,No,Low,19491.789
18,9805648,23,Urban,Basic,No,Low,18681.648
19,6243066,21,Semi-Urban,Premium,No,Medium,18267.066
20,6613790,19,Semi-Urban,Basic,No,Medium,14788.79
21,5221339,48,Rural,Premium,Yes,Medium,22709.339
22,3775709,19,Semi-Urban,Standard,No,Low,13118.709
23,584654,36,Urban,Standard,No,Medium,13625.654
24,5647581,29,Urban,Basic,Yes,Low,14743.581
25,2454354,18,Semi-Urban,Premium,Yes,High,14670.354
26,8742680,2,Rural,Standard,Yes,Low,15057.68
27,2928388,1,Rural,Basic,No,High,8745.387999999999
28,9416786,47,Urban,Basic,No,Medium,21983.786
29,3163046,5,Rural,Standard,Yes,High,11901.046
30,5999720,20,Semi-Urban,Standard,Yes,Medium,15863.720000000001
31,7140913,11,Semi-Urban,Basic,No,Medium,13034.913
32,3916664,42,Urban,Premium,No,Low,19240.664
33,3885659,2,Semi-Urban,Premium,No,Low,10436.659
34,3885357,3,Urban,Premium,No,Low,11070.357
35,1965689,23,Semi-Urban,Basic,No,High,11977.689
36,568148,12,Urban,Standard,No,High,11289.148000000001
37,2325665,20,Rural,Basic,No,Medium,10902.665
38,3245683,5,Semi-Urban,Standard,No,Low,8240.683
39,4556518,37,Semi-Urban,Premium,Yes,Low,20104.518
40,3169995,38,Urban,Premium,Yes,Medium,18325.995
41,5497895,30,Urban,Standard,Yes,Medium,17102.895
42,6897986,9,Semi-Urban,Standard,No,Medium,14749.986
43,2370928,34,Urban,Basic,No,High,15790.928
44,4655299,44,Semi-Urban,Premium,No,Low,19611.299
45,6749859,35,Rural,Basic,Yes,Medium,17483.859
46,2805413,22,Urban,Basic,No,Medium,12384.413
47,4410197,44,Semi-Urban,Basic,No,Low,16637.197
48,6058019,24,Rural,Premium,Yes,Low,17416.019
49,5914709,17,Rural,Basic,No,Low,13468.708999999999
50,771836,10,Semi-Urban,Basic,No,High,9583.836
51,4084702,30,Urban,Basic,No,Medium,13238.702000000001
52,7781369,46,Semi-Urban,Basic,Yes,Medium,20977.369
53,2799435,23,Rural,Basic,Yes,High,14193.435
54,9085377,32,Semi-Urban,Basic,No,Medium,19015.377
55,3158505,17,Urban,Premium,Yes,Low,14529.505000000001
56,1771741,17,Rural,Basic,No,Medium,8899.741
57,4269315,14,Semi-Urban,Standard,No,Medium,12746.315
58,1546797,9,Urban,Basic,No,Medium,6499.7970000000005
59,3547262,40,Rural,Basic,No,Medium,14638.262
60,1064685,2,Urban,Premium,No,Medium,10849.685
61,3379190,45,Rural,Premium,Yes,Low,19882.190000000002
62,6096411,25,Semi-Urban,Standard,No,High,18812.411
63,1507293,39,Urban,Standard,No,Low,15304.293
64,5274183,9,Rural,Premium,No,Low,15090.183
65,3866612,22,Urban,Premium,Yes,Low,15052.612000000001
66,8911855,43,Urban,Basic,No,Low,19783.855
67,5767180,46,Semi-Urban,Premium,No,Low,22994.18
68,8307313,4,Urban,Standard,Yes,High,15283.313
69,3204238,26,Rural,Basic,Yes,High,13546.238000000001
70,3130708,29,Rural,Standard,Yes,Low,14328.708
71,3994679,45,Rural,Basic,No,Low,15560.679
72,6017209,34,Rural,Premium,Yes,Low,19482.209
73,2267640,23,Semi-Urban,Standard,Yes,Low,11698.64
74,7223771,37,Urban,Basic,No,Low,18421.771
75,1785160,11,Semi-Urban,Basic,No,High,9554.16
76,6580526,6,Urban,Premium,Yes,Low,16129.526
77,5673036,18,Urban,Premium,Yes,Medium,16680.036
78,1925472,21,Urban,Premium,Yes,Low,13337.472
79,548984,42,Semi-Urban,Standard,Yes,High,16801.984
80,7056168,36,Urban,Basic,No,Medium,18408.168
81,2004384,41,Semi-Urban,Premium,Yes,High,19845.384
82,2730919,38,Rural,Standard,Yes,Medium,14973.919
83,7440119,34,Rural,Standard,No,Low,20229.119
84,2237095,17,Urban,Standard,No,Low,9623.095000000001
85,5280450,37,Semi-Urban,Premium,No,Medium,20539.45
86,7969344,25,Rural,Premium,No,Low,20904.344
87,2609818,38,Semi-Urban,Basic,No,Medium,13356.818
88,2731785,12,Semi-Urban,Basic,No,Low,8490.785
89,4353339,23,Urban,Premium,No,Low,16310.339
90,9967719,42,Rural,Standard,No,Medium,22956.719
91,1496107,22,Urban,Standard,No,Medium,11753.107
92,7630144,21,Urban,Standard,Yes,Medium,16528.144
93,5045583,27,Rural,Basic,No,Low,12982.583
94,4247389,31,Rural,Standard,Yes,Medium,15247.389
95,4642807,6,Semi-Urban,Basic,No,Low,8565.807
96,8488004,27,Rural,Basic,No,Low,17486.004
97,6745035,40,Semi-Urban,Standard,No,Medium,20704.035
98,4102279,34,Semi-Urban,Standard,Yes,Low,14469.279
99,6015989,12,Semi-Urban,Premium,No,Low,15952.989000000001
100,2621690,45,Rural,Premium,No,Low,18018.690000000002
101,991234,7,Urban,Standard,No,Low,6510.234
102,5901218,10,Semi-Urban,Basic,No,Low,11485.218
103,7414550,45,Urban,Basic,No,Low,19577.55
104,6667294,17,Urban,Basic,No,Low,12796.294
105,9786029,26,Rural,Basic,No,Low,17541.029000000002
106,7406726,21,Urban,Basic,No,Medium,16558.726000000002
107,6388794,28,Urban,Premium,Yes,Low,19739.794
108,8058158,46,Rural,Standard,No,Low,23087.158
109,7010425,2,Semi-Urban,Premium,No,Low,14405.425
110,9011017,43,Urban,Basic,No,Medium,22570.017
111,8387739,1,Rural,Basic,Yes,High,14688.739
112,1269598,36,Urban,Basic,No,Medium,12949.598
113,5792895,26,Urban,Basic,No,Medium,16126.895
114,8471379,29,Semi-Urban,Standard,No,Medium,19873.379
115,3831068,21,Urban,Basic,No,Medium,13382.068
116,3756415,11,Rural,Standard,No,Medium,11859.415
117,1374371,40,Urban,Basic,No,Low,13551.371
118,6154237,11,Semi-Urban,Standard,No,Low,13153.237000000001
119,1473548,36,Semi-Urban,Premium,Yes,Low,16395.548000000003
120,3844014,49,Rural,Basic,No,High,19042.014
121,7564746,39,Semi-Urban,Standard,No,Medium,21070.746
122,6716204,40,Urban,Premium,No,Medium,23251.203999999998
123,5693542,35,Semi-Urban,Basic,No,Low,14770.542000000001
124,3459034,34,Rural,Basic,No,Medium,14791.034
125,5074293,47,Semi-Urban,Basic,Yes,Low,16711.292999999998
126,7206971,24,Semi-Urban,Standard,Yes,Low,16663.971
127,543585,22,Semi-Urban,Standard,Yes,High,12939.585
128,3039448,5,Rural,Premium,Yes,Medium,12254.448
129,609556,33,Semi-Urban,Standard,No,Low,10986.556
130,2075557,36,Semi-Urban,Standard,Yes,High,15798.557
131,8806461,47,Urban,Basic,No,Low,20385.461
132,2509021,20,Rural,Basic,No,High,11131.021
133,1701482,19,Semi-Urban,Basic,No,Low,8770.482
134,1042335,35,Rural,Basic,No,Low,11799.335
135,4770070,43,Semi-Urban,Basic,No,Low,16464.07
136,7200379,17,Semi-Urban,Basic,Yes,Low,13079.379
137,4060920,45,Semi-Urban,Basic,No,Low,16857.92
138,7360006,43,Urban,Premium,Yes,Medium,25091.006
139,2984413,34,Urban,Premium,No,High,20688.413
140,3407360,9,Urban,Premium,No,Medium,13022.36
141,6395544,26,Rural,Premium,Yes,Low,18037.544
142,6197469,2,Rural,Basic,Yes,Medium,9739.469000000001
143,2735000,9,Urban,Premium,No,Low,10726.0
144,7408531,9,Rural,Basic,No,Low,12618.530999999999
145,4822252,40,Semi-Urban,Premium,No,Medium,20199.252
146,6322184,17,Semi-Urban,Standard,No,Medium,14756.184000000001
147,902690,1,Semi-Urban,Premium,Yes,Low,8818.69
148,3048421,25,Urban,Premium,No,Low,15080.421
149,2454109,43,Rural,Basic,No,High,16964.109
150,4922880,40,Urban,Premium,No,Low,21062.88
151,7705547,42,Rural,Standard,No,Medium,22594.547
152,8823735,25,Semi-Urban,Basic,No,Medium,18000.735
153,6957294,39,Urban,Basic,No,Low,17161.294
154,1884250,35,Rural,Premium,No,Low,16056.25
155,561087,3,Rural,Basic,Yes,Low,4049.087
156,6909907,37,Semi-Urban,Basic,No,Medium,17730.907
157,1996176,44,Urban,Basic,No,Medium,15437.176
158,539353,44,Urban,Basic,Yes,Medium,12810.353
159,6984531,30,Urban,Basic,No,High,18030.531
160,3860011,38,Semi-Urban,Basic,No,Medium,15090.011
161,8154909,34,Urban,Standard,No,Medium,20491.909
162,4759622,12,Semi-Urban,Premium,Yes,Medium,15988.622
163,5459617,19,Semi-Urban,Standard,No,Medium,14122.617
164,6225570,37,Semi-Urban,Basic,Yes,Medium,18791.57
165,916880,44,Rural,Basic,No,Medium,13261.88
166,7572695,49,Urban,Premium,Yes,Medium,25005.695
167,7933296,17,Urban,Standard,No,Low,16769.296000000002
168,5465050,10,Semi-Urban,Premium,No,Medium,16145.05
169,1313168,49,Semi-Urban,Standard,No,Low,15575.168
170,725281,47,Urban,Basic,No,Low,13007.281
171,4282875,12,Semi-Urban,Premium,No,Low,13552.875
172,3495765,16,Urban,Premium,No,Medium,14210.765
173,8234102,24,Rural,Basic,Yes,Medium,17454.102
174,6095108,19,Semi-Urban,Premium,No,Low,16760.108
175,6174719,8,Urban,Standard,Yes,Medium,14427.719000000001
176,9158144,31,Semi-Urban,Standard,No,Medium,20966.144
177,7109280,21,Urban,Standard,Yes,Low,15022.279999999999
178,6000306,17,Urban,Standard,No,Medium,16144.306
179,4872093,23,Semi-Urban,Basic,No,Medium,12490.093
180,2061729,37,Rural,Premium,No,Medium,17102.729
181,5531595,16,Urban,Standard,Yes,Medium,14335.595000000001
182,5978047,6,Urban,Basic,No,Medium,10507.047
183,9570277,8,Urban,Premium,No,Low,18035.277000000002
184,1619043,25,Rural,Premium,No,Low,13392.043
185,7603230,18,Rural,Basic,No,Low,13594.23
186,3058231,25,Semi-Urban,Basic,No,High,13194.231
187,7159908,12,Rural,Standard,No,Low,15413.908
188,3580389,15,Semi-Urban,Premium,No,Low,13605.389
189,2161909,26,Semi-Urban,Premium,No,High,17535.909
190,3156138,41,Rural,Basic,No,High,16595.138
191,610078,45,Semi-Urban,Premium,Yes,Medium,18155.078
192,2415631,26,Rural,Standard,Yes,Low,11583.631
193,6814127,47,Semi-Urban,Premium,Yes,Low,24473.127
194,2508187,32,Rural,Basic,Yes,Low,12043.187
195,2159066,10,Rural,Basic,No,Low,7190.066000000001
196,2648815,16,Semi-Urban,Standard,No,Low,10221.815
197,7855740,7,Urban,Standard,Yes,Medium,14214.74
198,5006259,17,Semi-Urban,Premium,No,High,19206.259
199,7973915,23,Rural,Premium,Yes,Low,20122.915
200,8158426,26,Urban,Basic,No,Medium,17109.426
201,6904003,21,Semi-Urban,Standard,No,Medium,17065.003
202,4635314,22,Semi-Urban,Standard,No,Low,14312.314
203,1410681,7,Semi-Urban,Standard,Yes,Medium,8163.6810000000005
204,2107618,14,Urban,Premium,No,Low,13190.618
205,4396830,15,Rural,Standard,No,Low,12225.83
206,4836787,7,Semi-Urban,Basic,No,Medium,9713.787
207,3255423,9,Semi-Urban,Basic,No,Low,9318.423
208,571295,48,Semi-Urban,Premium,No,High,18805.295
209,9632582,8,Semi-Urban,Premium,Yes,Low,18384.582000000002
210,8113287,23,Semi-Urban,Standard,No,Medium,17622.287
211,3945376,29,Rural,Premium,No,Medium,18190.376
212,5751035,18,Rural,Basic,No,Low,12668.035
213,4112600,31,Semi-Urban,Standard,Yes,Low,15081.6
214,1325816,30,Urban,Basic,No,Medium,11904.815999999999
215,9263313,39,Rural,Standard,No,High,23148.313000000002
216,2526793,35,Urban,Premium,No,High,19891.792999999998
217,1054594,18,Rural,Standard,No,Medium,10623.594000000001
218,9036326,42,Semi-Urban,Standard,No,Medium,22313.326
219,4004473,39,Rural,Basic,Yes,Medium,16484.472999999998
220,7799695,17,Semi-Urban,Basic,No,Medium,15273.695
221,2704664,14,Rural,Standard,No,Medium,10245.664
222,4841747,31,Semi-Urban,Premium,No,Medium,18960.747
223,1186976,24,Semi-Urban,Premium,No,High,16072.976
224,2972189,35,Semi-Urban,Basic,No,Low,14285.189
225,9006404,44,Semi-Urban,Premium,No,High,27577.404000000002
226,1741082,45,Urban,Basic,Yes,Medium,13810.082
227,5684502,34,Semi-Urban,Premium,No,Low,20588.502
228,7061000,3,Urban,Standard,No,Low,12566.0
229,7171458,37,Urban,Basic,No,Low,18657.458
230,5392306,43,Semi-Urban,Basic,Yes,Medium,18999.306
231,4174515,40,Urban,Standard,No,High,18974.515
232,2079159,26,Rural,Basic,No,Low,10320.159
233,9795925,23,Semi-Urban,Premium,Yes,High,23719.925000000003
234,5015488,44,Urban,Premium,No,High,23070.488
235,6541495,39,Semi-Urban,Basic,Yes,Low,18740.495
236,9556842,15,Semi-Urban,Premium,No,High,23051.842
237,9267088,49,Semi-Urban,Basic,Yes,High,25406.088
238,6824167,4,Urban,Standard,Yes,Medium,13445.167000000001
239,1291971,29,Rural,Basic,No,Medium,12421.971
240,1001157,22,Rural,Standard,No,High,13010.157
241,4878727,25,Urban,Premium,No,Medium,16987.727
242,4624499,13,Semi-Urban,Standard,Yes,Low,11740.499
243,6446594,18,Urban,Premium,No,High,20507.594
244,5606799,33,Urban,Basic,No,Medium,16975.799
245,4827576,16,Urban,Premium,No,Medium,15051.576000000001
246,5462140,45,Semi-Urban,Basic,No,Low,17304.14
247,3299487,42,Urban,Basic,No,Medium,15436.487000000001
248,3404941,44,Semi-Urban,Standard,No,Low,17808.941
249,8483441,2,Urban,Standard,No,High,15062.441
250,5820385,35,Rural,Standard,Yes,Low,16551.385000000002
251,2600021,42,Urban,Standard,No,Low,16417.021
252,7428040,34,Urban,Premium,No,Medium,21570.04
253,1118467,30,Rural,Premium,No,Low,13594.467
254,5833152,13,Semi-Urban,Premium,Yes,Medium,17255.152000000002
255,7828141,13,Semi-Urban,Basic,No,High,15382.141
256,5572148,18,Urban,Premium,Yes,High,18927.148
257,2207923,32,Rural,Premium,No,Low,14895.923
258,5634207,32,Semi-Urban,Premium,No,Low,19270.207000000002
259,9016999,35,Urban,Standard,Yes,High,24321.999
260,7230886,39,Rural,Premium,No,High,24059.886
261,9905634,46,Semi-Urban,Basic,No,Medium,24381.634
262,6353584,29,Semi-Urban,Standard,No,Medium,17248.584
263,8670528,49,Rural,Basic,No,Low,20904.528
264,4801754,29,Rural,Premium,No,High,19982.754
265,2769042,44,Rural,Standard,Yes,Medium,17850.042
266,2483509,16,Rural,Basic,No,Low,8084.509
267,8240141,44,Urban,Premium,No,Low,25175.141
268,616381,47,Rural,Basic,No,High,16081.381
269,2021701,10,Semi-Urban,Basic,No,Low,6329.701
270,6605525,30,Semi-Urban,Basic,No,Low,14947.525000000001
271,3938618,25,Urban,Premium,No,Medium,16373.618
272,8413697,39,Semi-Urban,Premium,No,Low,22389.697
273,2957184,20,Semi-Urban,Basic,Yes,Low,9095.184000000001
274,4603022,5,Rural,Standard,No,High,11796.022
275,1918175,1,Semi-Urban,Standard,No,High,9302.175
276,4306688,30,Urban,Premium,No,High,19748.688000000002
277,7765795,49,Rural,Premium,No,High,26589.795
278,4272962,3,Rural,Premium,No,Medium,13496.962
279,4541776,45,Urban,Premium,Yes,High,24298.775999999998
280,3227423,14,Rural,Premium,No,Low,12767.423
281,6209840,30,Rural,Standard,No,Medium,17570.84
282,5630397,4,Urban,Premium,No,High,15883.397
283,3951356,18,Rural,Basic,Yes,Low,10853.356
284,3944084,37,Urban,Basic,Yes,Low,14618.084
285,3427109,25,Urban,Standard,Yes,Medium,14670.109
286,7479451,48,Semi-Urban,Basic,No,Low,21266.451
287,9019981,1,Semi-Urban,Standard,Yes,Low,13510.981
288,8278484,46,Rural,Standard,No,High,24023.484
289,9003902,15,Rural,Basic,No,High,18347.902000000002
290,6714624,9,Urban,Premium,Yes,Medium,16530.624
291,5342611,15,Rural,Basic,No,Low,12269.611
292,6857182,49,Urban,Basic,No,Low,20210.182
293,4835868,24,Urban,Standard,No,High,15691.868
294,2715167,4,Rural,Basic,No,Medium,8674.167
295,4386402,12,Urban,Standard,No,Low,10290.402
296,7045535,37,Semi-Urban,Premium,No,Medium,22882.535
297,7342385,37,Rural,Premium,No,Low,22104.385000000002
298,9578552,43,Semi-Urban,Premium,No,Medium,26998.552
299,1188105,6,Rural,Basic,Yes,High,8170.105
300,2489173,39,Urban,Standard,No,Medium,16926.173000000003
301,3580761,46,Rural,Premium,No,Medium,21053.761
302,1914466,24,Semi-Urban,Standard,No,Low,11345.466
303,945101,11,Urban,Standard,Yes,Medium,8312.101
304,8606609,13,Rural,Premium,No,Medium,19487.609
305,7913023,34,Rural,Premium,Yes,Low,21709.023
306,8113269,25,Rural,Standard,No,Medium,19539.269
307,1605534,7,Semi-Urban,Premium,No,Low,9286.534
308,4853127,4,Semi-Urban,Standard,Yes,High,12880.127
309,7815360,8,Rural,Standard,No,Medium,15978.36
310,8573461,20,Urban,Premium,No,High,22008.461
311,998863,29,Urban,Basic,No,Low,9051.863000000001
312,9256262,45,Semi-Urban,Premium,No,Medium,26467.262000000002
313,3176188,46,Urban,Basic,Yes,Medium,15704.188
314,3795990,10,Semi-Urban,Standard,Yes,Medium,11715.99
315,8282937,43,Rural,Standard,No,Low,21922.936999999998
316,7026818,34,Semi-Urban,Basic,No,Medium,18018.818
317,9685687,26,Semi-Urban,Standard,Yes,Medium,21101.686999999998
318,5991590,41,Rural,Basic,No,Low,18604.59
319,7012440,49,Urban,Basic,No,Low,20013.440000000002
320,6599628,3,Semi-Urban,Standard,No,Medium,12353.628
321,7055968,6,Semi-Urban,Basic,No,Medium,12640.968
322,3199015,5,Rural,Premium,No,Low,10958.015
323,9337590,5,Urban,Premium,No,Low,18135.59
324,1672622,47,Semi-Urban,Standard,No,Low,15635.622
325,3003771,23,Rural,Standard,No,Medium,12518.771
326,3677825,49,Semi-Urban,Basic,Yes,Medium,16731.825
327,1496161,9,Rural,Basic,Yes,High,8962.161
328,4683839,35,Urban,Basic,No,High,18059.839
329,1166326,20,Urban,Basic,No,Medium,9065.326000000001
330,1149150,49,Urban,Premium,No,Low,19007.15
331,3875957,42,Urban,Premium,No,Low,18300.957000000002
332,618834,35,Semi-Urban,Standard,No,Low,11538.833999999999
333,3739576,18,Semi-Urban,Basic,No,High,13083.576000000001
334,6393309,17,Urban,Basic,No,Medium,14669.309000000001
335,6448540,24,Urban,Standard,No,Low,16008.54
336,4749913,3,Urban,Basic,No,Low,9633.913
337,4922201,32,Semi-Urban,Basic,No,Medium,15330.201000000001
338,1579600,35,Urban,Basic,Yes,Medium,11797.6
339,9914323,38,Urban,Basic,No,Low,21024.323
340,4003157,13,Urban,Basic,No,High,13062.157
341,8772874,47,Rural,Standard,No,Medium,23334.874
342,9349851,25,Urban,Basic,No,Low,17338.851000000002
343,2485588,9,Rural,Standard,No,High,10473.588
344,9140059,4,Rural,Basic,Yes,Low,12194.059
345,4697355,14,Urban,Premium,No,High,16064.355
346,2252683,37,Rural,Premium,No,High,18767.683
347,8216868,34,Urban,Premium,Yes,Medium,24399.868000000002
348,1504646,11,Semi-Urban,Premium,Yes,Medium,11577.646
349,9860133,41,Semi-Urban,Standard,No,Low,23907.133
350,4367500,3,Semi-Urban,Standard,Yes,High,12592.5
351,949395,28,Semi-Urban,Basic,Yes,Medium,9905.395
352,5643901,29,Rural,Premium,Yes,Medium,18698.900999999998
353,7254350,9,Urban,Standard,No,High,16061.35
354,1760386,3,Urban,Basic,No,High,9260.386
355,3554390,25,Urban,Basic,No,High,14809.39
356,7519431,34,Semi-Urban,Standard,No,Low,18102.431
357,3879569,12,Semi-Urban,Premium,No,High,14877.569
358,3400603,42,Urban,Basic,No,Medium,14996.603
359,9111474,9,Semi-Urban,Premium,No,High,20288.474000000002
360,2146711,15,Urban,Premium,No,Medium,14014.711
361,6087774,40,Urban,Premium,No,Low,21475.774
362,6819707,25,Urban,Basic,No,Low,16234.707
363,8467801,5,Urban,Premium,Yes,Medium,17036.801
364,1923286,11,Urban,Basic,No,Medium,8188.286
365,4195961,34,Urban,Premium,No,Low,17416.961
366,8717316,24,Urban,Basic,No,Medium,17721.316
367,3677945,15,Semi-Urban,Premium,Yes,Low,13221.945
368,7848340,38,Urban,Standard,No,High,21518.34
369,683062,8,Urban,Premium,No,Medium,10506.062
370,3341992,5,Semi-Urban,Premium,No,Low,11108.992
371,4794539,48,Semi-Urban,Basic,No,Low,18748.539
372,6595929,26,Semi-Urban,Basic,No,Low,15501.929
373,5444505,18,Urban,Premium,No,Medium,18468.505
374,1303328,6,Rural,Standard,No,Low,6657.3279999999995
375,4562958,37,Rural,Standard,Yes,Low,17908.958
376,1543233,48,Semi-Urban,Basic,No,High,17439.233
377,6968703,13,Rural,Standard,No,High,15788.703000000001
378,1029525,28,Semi-Urban,Premium,No,Medium,13810.525
379,676615,5,Urban,Basic,No,High,6482.615
380,4881932,13,Rural,Premium,No,Low,14900.932
381,7165088,17,Urban,Basic,No,Medium,14578.088
382,7974447,40,Rural,Basic,No,Medium,21025.447
383,5101020,45,Urban,Basic,No,Medium,17948.02
384,4199391,32,Rural,Basic,No,Low,13402.391
385,9429860,29,Urban,Standard,No,Medium,19943.86
386,7506454,3,Urban,Premium,Yes,Medium,16549.453999999998
387,4112610,40,Rural,Premium,No,Medium,19212.61
388,7531883,34,Urban,Premium,No,Low,20903.883
389,2664367,40,Urban,Basic,No,Low,13996.367
390,644356,27,Urban,Standard,No,Low,10201.356
391,9244220,13,Rural,Premium,No,Low,19377.22
392,8898043,45,Rural,Standard,No,Medium,24054.042999999998
393,2248014,33,Urban,Basic,No,Low,11073.014
394,7656720,6,Urban,Premium,Yes,High,17460.72
395,2788627,24,Rural,Standard,Yes,Low,13085.627
396,7017963,19,Rural,Basic,Yes,Low,13588.963
397,7097519,16,Urban,Standard,No,Medium,15225.519
398,1264121,40,Urban,Premium,No,Low,15697.121
399,7568121,28,Urban,Premium,No,Medium,21398.121
400,4002630,33,Semi-Urban,Basic,No,Medium,14467.630000000001
401,6198848,48,Rural,Basic,No,Low,20213.847999999998
402,1607677,41,Semi-Urban,Basic,Yes,Low,12057.677
403,6238852,13,Rural,Standard,No,Low,13193.851999999999
404,788790,43,Rural,Standard,No,Low,14081.79
405,5584921,45,Rural,Standard,Yes,Low,18644.921000000002
406,4193305,25,Rural,Basic,Yes,Low,12662.305
407,4966271,42,Rural,Premium,Yes,Low,21707.271
408,4885536,36,Rural,Premium,Yes,Medium,20003.536
409,1852695,27,Rural,Standard,No,Medium,12925.695
410,2089228,38,Semi-Urban,Standard,Yes,Medium,14621.228
411,1600567,7,Urban,Premium,No,Low,11106.567
412,8206358,5,Urban,Premium,No,Low,16174.358
413,549115,43,Semi-Urban,Standard,No,High,15984.115
414,1221747,45,Semi-Urban,Standard,No,Medium,16967.747
415,5892023,31,Semi-Urban,Premium,No,High,22854.023
416,6457515,23,Semi-Urban,Basic,No,Low,13954.515
417,6732753,42,Rural,Standard,No,Medium,20103.753
418,5746880,10,Urban,Premium,Yes,Medium,14992.880000000001
419,1904330,32,Rural,Premium,No,Low,16733.33
420,751492,43,Urban,Premium,Yes,Medium,17341.492
421,4535851,30,Urban,Premium,No,Medium,18461.851
422,991072,39,Semi-Urban,Basic,Yes,Low,11982.072
423,1586880,31,Rural,Premium,No,Low,14860.880000000001
424,2555723,18,Semi-Urban,Standard,No,Medium,12489.723
425,2748988,36,Rural,Basic,No,High,15136.988000000001
426,3476242,2,Urban,Premium,No,Low,12303.242
427,5080081,14,Semi-Urban,Basic,No,Low,11364.081
428,3148790,13,Semi-Urban,Standard,Yes,Low,10207.79
429,4263024,29,Urban,Premium,No,Medium,17540.024
430,5333177,12,Urban,Standard,No,Low,11939.177
431,8772841,39,Urban,Premium,No,High,26209.841
432,3853597,2,Semi-Urban,Premium,No,Low,11006.597
433,8954561,32,Rural,Premium,No,Low,23013.561
434,3097480,13,Semi-Urban,Premium,No,Medium,13284.48
435,4697571,46,Rural,Premium,No,High,23731.571
436,6874201,27,Semi-Urban,Basic,Yes,Medium,16766.201
437,6618900,49,Semi-Urban,Premium,Yes,Medium,25265.9
438,3422097,41,Urban,Premium,Yes,High,20328.097
439,657164,17,Rural,Basic,No,Low,8255.164
440,1031831,40,Semi-Urban,Basic,No,High,13695.831
441,3489475,31,Semi-Urban,Basic,No,Low,13687.475
442,3869720,34,Urban,Basic,No,Medium,15753.720000000001
443,5211075,24,Urban,Basic,No,Medium,13343.075
444,7622313,45,Rural,Basic,No,Low,19024.313000000002
445,7354500,35,Semi-Urban,Premium,No,High,23267.5
446,3140328,48,Rural,Premium,Yes,Low,18784.328
447,9579703,6,Semi-Urban,Standard,Yes,Low,16532.703
448,9722335,19,Rural,Premium,No,Medium,20583.335
449,7826434,30,Urban,Premium,No,Low,22293.434
450,5563778,7,Semi-Urban,Basic,No,Medium,10830.778
451,4470001,10,Rural,Basic,No,Low,9961.001
452,570640,41,Urban,Premium,No,Low,14788.64
453,4622263,32,Urban,Standard,Yes,Low,14886.262999999999
454,5094877,34,Rural,Basic,Yes,Low,16369.877
455,1855531,28,Semi-Urban,Premium,No,Medium,15595.530999999999
456,1175510,15,Semi-Urban,Premium,No,Medium,11754.51
457,4241196,30,Urban,Standard,No,High,16786.196
458,7490102,37,Semi-Urban,Standard,No,High,22619.102
459,3234296,29,Semi-Urban,Basic,No,Low,13406.296
460,7206024,22,Semi-Urban,Standard,No,Medium,16160.024000000001
461,1398320,4,Urban,Premium,No,Low,8975.32
462,6281565,20,Rural,Premium,No,Low,16322.565
463,2507635,32,Semi-Urban,Standard,No,Medium,14727.635
464,3764908,36,Urban,Standard,No,Low,14694.908
465,4760538,4,Urban,Standard,No,Low,9512.538
466,6986460,27,Rural,Standard,Yes,High,20827.46
467,6697323,17,Semi-Urban,Basic,No,Medium,14642.323
468,4121581,12,Semi-Urban,Standard,No,Medium,12402.581
469,4746238,22,Rural,Basic,No,Low,12613.238000000001
470,6463135,17,Rural,Premium,No,Low,17014.135000000002
471,9314131,10,Urban,Standard,No,High,19753.131
472,4099865,1,Urban,Basic,No,Low,7515.865
473,5882287,22,Rural,Standard,No,Medium,15662.287
474,8490340,26,Semi-Urban,Premium,Yes,Low,19774.34
475,1539458,18,Urban,Premium,No,Medium,13192.458
476,4272811,14,Urban,Premium,No,Low,13120.811
477,2817336,47,Semi-Urban,Standard,No,High,19385.336
478,3263642,29,Urban,Standard,No,High,15131.642
479,8189684,12,Semi-Urban,Basic,No,Medium,15290.684000000001
480,4288340,36,Semi-Urban,Premium,No,Low,19086.34
481,697775,35,Semi-Urban,Standard,No,High,15891.775
482,2886488,12,Rural,Premium,No,Medium,14155.488000000001
483,1287494,7,Rural,Premium,Yes,Low,9702.493999999999
484,6351244,29,Rural,Basic,No,Medium,15596.243999999999
485,5832660,11,Semi-Urban,Basic,No,Low,12300.66
486,7337433,33,Semi-Urban,Basic,No,Low,17338.433
487,5583769,6,Rural,Basic,Yes,Medium,11925.769
488,1033636,47,Urban,Premium,No,Low,16694.636
489,4732406,15,Semi-Urban,Basic,No,Medium,12580.405999999999
490,2776360,32,Urban,Basic,Yes,Low,12072.36
491,4908249,11,Urban,Basic,No,High,12702.249
492,4926219,23,Semi-Urban,Basic,No,High,16292.219000000001
493,9414438,26,Semi-Urban,Premium,No,High,24670.438000000002
494,1832397,34,Urban,Basic,No,Low,10723.397
495,8017836,46,Urban,Premium,No,Low,23343.836
496,9606824,34,Rural,Standard,No,Medium,20985.824
497,7146705,29,Rural,Premium,No,Low,20793.705
498,5962810,4,Semi-Urban,Premium,Yes,Low,13744.810000000001
499,9405921,17,Rural,Basic,Yes,Medium,16720.921000000002
500,7403836,35,Rural,Standard,No,Medium,19596.836
501,6743669,13,Rural,Standard,Yes,High,15367.669
502,1786643,41,Rural,Standard,No,Low,13641.643
503,8815390,39,Urban,Standard,No,Low,21927.39
504,6700646,15,Semi-Urban,Premium,No,Low,17253.646
505,7483896,29,Rural,Standard,No,High,21249.896
506,9283148,29,Urban,Premium,No,Medium,23816.148
507,5909861,11,Urban,Premium,No,High,17689.861
508,5439003,32,Urban,Premium,No,High,21967.003
509,6811326,2,Rural,Standard,Yes,Medium,11729.326000000001
510,5646386,47,Rural,Basic,No,Medium,19453.386
511,8915398,14,Semi-Urban,Basic,No,Low,14931.398000000001
512,948345,20,Rural,Standard,No,Medium,11732.345000000001
513,9637682,22,Rural,Basic,No,Medium,18447.682
514,8327494,11,Urban,Basic,Yes,Medium,13803.494
515,4185501,27,Semi-Urban,Premium,No,High,18829.501
516,2379490,3,Rural,Premium,No,High,12030.49
517,5484445,17,Rural,Standard,No,Medium,14560.445
518,7439705,44,Urban,Standard,No,Medium,21377.705
519,7502587,28,Urban,Basic,No,Medium,16338.587
520,7242471,29,Rural,Premium,No,Low,20039.471
521,1954908,21,Semi-Urban,Standard,No,Low,11756.908
522,3819144,47,Semi-Urban,Standard,No,Medium,19722.144
523,9193670,16,Urban,Standard,No,Medium,18352.67
524,6306466,37,Urban,Standard,Yes,Low,19362.466
525,6244588,20,Rural,Standard,No,High,17451.588
526,5804509,6,Urban,Standard,No,Low,11895.509
527,8168216,19,Rural,Basic,No,Low,15974.216
528,5449499,5,Semi-Urban,Premium,No,Medium,14670.499
529,2887312,3,Semi-Urban,Premium,No,Low,10881.312
530,4193976,1,Rural,Standard,No,Low,8265.975999999999
531,6562903,38,Urban,Premium,No,Low,21682.903
532,4908224,15,Semi-Urban,Premium,No,Medium,17156.224000000002
533,4535493,34,Urban,Premium,Yes,Medium,19183.493000000002
534,6203737,35,Semi-Urban,Standard,Yes,Medium,19048.737
535,2371403,49,Rural,Standard,No,Medium,18993.403
536,6247372,25,Rural,Premium,Yes,Low,19505.372
537,5348287,24,Rural,Premium,Yes,High,19151.287
538,6158796,12,Semi-Urban,Standard,No,Low,12760.796
539,1321052,18,Urban,Basic,No,High,11510.052
540,2725300,15,Urban,Premium,No,Medium,13039.3
541,2355567,44,Urban,Basic,Yes,High,18031.567
542,2034837,16,Semi-Urban,Premium,No,Low,12274.837
543,3838442,27,Semi-Urban,Basic,Yes,Medium,12520.442
544,5426203,8,Semi-Urban,Basic,No,Low,9283.203000000001
545,923570,46,Semi-Urban,Basic,No,Low,12697.57
546,2873139,25,Semi-Urban,Standard,No,Medium,12946.139
547,5721816,17,Urban,Basic,No,Low,12163.815999999999
548,9746766,29,Semi-Urban,Basic,Yes,Medium,20098.766
549,2614792,8,Semi-Urban,Basic,No,Low,6636.7919999999995
550,8941136,15,Urban,Premium,No,Low,19430.136
551,2373421,27,Semi-Urban,Basic,No,Medium,12169.421
552,7050670,46,Urban,Premium,Yes,Medium,24007.67
553,6581950,7,Urban,Basic,No,Medium,12085.95
554,7425877,3,Rural,Basic,No,Medium,12599.877
555,6467106,29,Rural,Standard,No,High,20738.106
556,5618922,44,Rural,Premium,No,Low,20846.922
557,7677545,24,Rural,Basic,No,Medium,17498.545
558,5622783,3,Semi-Urban,Premium,No,High,14925.783
559,6028983,20,Rural,Premium,No,Medium,19271.983
560,660775,46,Urban,Standard,No,Medium,16692.775
561,7849369,15,Semi-Urban,Standard,No,Medium,17341.369
562,3167867,25,Rural,Standard,No,Medium,14910.867
563,7155623,30,Urban,Standard,No,Medium,17961.623
564,8186841,14,Semi-Urban,Standard,No,Low,16173.841
565,7478737,7,Semi-Urban,Standard,No,Low,12391.737000000001
566,1844027,17,Rural,Standard,No,High,13104.027
567,4666500,44,Semi-Urban,Standard,No,Low,18927.5
568,7967048,20,Urban,Basic,No,Medium,16047.047999999999
569,9679875,36,Semi-Urban,Premium,No,Low,23601.875
570,8384479,9,Urban,Standard,No,Medium,15463.479
571,997562,38,Semi-Urban,Standard,Yes,Low,13330.562
572,5078238,48,Rural,Premium,No,Low,21206.238
573,4537776,22,Urban,Basic,No,High,14234.776
574,4510912,2,Semi-Urban,Premium,Yes,High,13753.912
575,5011732,24,Semi-Urban,Premium,No,Medium,18113.732
576,6062067,8,Semi-Urban,Standard,No,Medium,12370.067
577,5737196,11,Urban,Premium,Yes,Medium,15577.196
578,5385211,13,Urban,Premium,No,Medium,16296.211
579,6626319,17,Urban,Standard,No,Medium,16825.319
580,2100396,8,Rural,Standard,No,Low,9518.396
581,3811149,21,Rural,Standard,No,Medium,14458.149
582,9011010,18,Urban,Standard,Yes,Medium,18030.010000000002
583,2996081,30,Semi-Urban,Premium,Yes,High,19219.081
584,1075278,18,Rural,Premium,No,Low,12719.278
585,5687480,46,Urban,Basic,No,Medium,18305.48
586,1678049,47,Semi-Urban,Basic,No,Medium,15827.048999999999
587,3580201,31,Rural,Premium,Yes,Medium,18168.201
588,7636029,38,Semi-Urban,Basic,No,Low,18335.029000000002
589,3964442,32,Semi-Urban,Premium,Yes,Medium,19844.442
590,3814692,11,Semi-Urban,Basic,Yes,Low,10170.692
591,5219607,45,Semi-Urban,Standard,No,Low,19264.607
592,6785088,25,Rural,Basic,No,Medium,15855.088
593,1610389,33,Rural,Standard,No,Medium,15136.389
594,8916320,38,Rural,Standard,No,Medium,22866.32
595,4412942,41,Urban,Standard,No,High,19731.942
596,9001424,8,Rural,Standard,No,Low,15058.424
597,7968810,11,Semi-Urban,Basic,No,Low,12270.810000000001
598,2135156,22,Rural,Premium,No,Medium,14704.155999999999
599,9023838,24,Semi-Urban,Standard,No,Low,19226.838
600,5501045,41,Urban,Basic,No,Low,17456.045
601,4963418,17,Semi-Urban,Standard,Yes,Low,12541.418
602,4845760,12,Semi-Urban,Basic,No,Low,11213.76
603,7653768,46,Semi-Urban,Basic,Yes,High,22341.768
604,3751298,32,Urban,Basic,No,Low,13256.298
605,4965150,15,Rural,Premium,No,Medium,17440.15
606,8889012,16,Rural,Basic,Yes,Low,15696.012
607,7749903,22,Urban,Basic,Yes,Medium,16651.903
608,5397590,28,Semi-Urban,Premium,No,Low,18786.59
609,6689573,20,Rural,Premium,No,Medium,18874.573
610,1823483,33,Urban,Basic,Yes,Medium,12354.483
611,2222320,10,Rural,Premium,No,Low,11647.32
612,2832517,40,Urban,Standard,No,Medium,16393.517
613,3696340,32,Semi-Urban,Standard,No,Low,15574.34
614,9051881,33,Rural,Premium,No,Medium,25091.881
615,5887408,2,Urban,Premium,No,Low,14329.408
616,6192493,33,Rural,Basic,No,High,18570.493000000002
617,8747752,33,Rural,Premium,No,Low,22549.752
618,1587341,41,Rural,Basic,No,Medium,13380.341
619,6695200,13,Rural,Standard,Yes,Low,15231.2
620,4477266,30,Urban,Premium,Yes,Low,17898.266
621,6058956,33,Semi-Urban,Basic,Yes,Medium,17863.956
622,3531756,13,Urban,Basic,No,High,11658.756
623,1343523,26,Urban,Standard,No,Low,12257.523000000001
624,9434845,22,Urban,Premium,No,Low,20793.845
625,4540479,39,Semi-Urban,Standard,No,Low,18296.479
626,592193,2,Rural,Basic,No,Low,5233.193
627,1686887,38,Rural,Basic,Yes,Low,13568.887
628,9396761,39,Rural,Premium,No,Medium,25369.761
629,3834817,26,Semi-Urban,Basic,No,Low,11849.817
630,3215514,46,Rural,Premium,No,Low,18818.514
631,3158571,15,Semi-Urban,Standard,No,Medium,11550.571
632,5334357,34,Rural,Premium,No,Low,18201.357
633,7602173,42,Rural,Premium,No,Low,22089.173
634,5392472,44,Urban,Basic,No,Low,18456.472
635,981680,49,Semi-Urban,Basic,No,Medium,15829.68
636,5665679,40,Urban,Premium,No,Low,20823.679
637,6680142,11,Urban,Basic,Yes,Medium,13600.142
638,5787118,3,Urban,Basic,No,Low,9761.118
639,4600673,6,Semi-Urban,Basic,Yes,Medium,10987.672999999999
640,2034026,9,Semi-Urban,Premium,No,Low,12014.026
641,9204434,6,Rural,Basic,Yes,Medium,15047.434
642,3967366,9,Urban,Premium,No,High,14444.366
643,827359,39,Rural,Basic,No,Medium,13008.359
644,817537,31,Urban,Standard,No,Low,12944.537
645,7453757,32,Semi-Urban,Basic,Yes,Low,16760.757
646,1050222,41,Semi-Urban,Basic,Yes,Low,13747.222
647,5475026,12,Semi-Urban,Premium,Yes,Low,14460.026
648,8295134,8,Urban,Premium,Yes,Low,16884.134
649,3073619,8,Semi-Urban,Basic,Yes,Medium,8804.619
650,2953752,28,Urban,Standard,No,Low,14222.752
651,7765760,20,Rural,Basic,Yes,Medium,16829.760000000002
652,1853038,47,Urban,Basic,Yes,Medium,15472.038
653,9139483,7,Rural,Standard,No,Medium,17413.483
654,5157693,11,Urban,Premium,No,Low,13674.693
655,4764694,20,Rural,Basic,No,High,14766.694
656,1207689,16,Semi-Urban,Premium,No,Low,12441.689
657,1796516,4,Rural,Premium,No,Medium,11638.516
658,3963351,6,Semi-Urban,Standard,Yes,Medium,10165.351
659,2354971,22,Semi-Urban,Standard,No,Medium,13276.971
660,9538807,26,Rural,Premium,No,Medium,21856.807
661,2349396,3,Urban,Basic,Yes,Low,5658.396000000001
662,3191276,41,Urban,Premium,No,Low,17435.275999999998
663,9517469,42,Urban,Basic,Yes,Medium,21230.469
664,3026954,14,Urban,Basic,Yes,Low,8243.954
665,7049546,11,Urban,Standard,No,High,16350.546
666,8507407,18,Semi-Urban,Basic,No,Low,14432.407000000001
667,7885034,12,Urban,Basic,No,Low,13724.034
668,7563410,23,Semi-Urban,Premium,Yes,Low,20149.41
669,9550222,12,Semi-Urban,Standard,No,Low,17711.222
670,8501482,13,Semi-Urban,Basic,No,Medium,14174.482
671,9555605,25,Rural,Basic,No,Medium,19157.605
672,1572647,45,Rural,Standard,No,Medium,15580.647
673,2131107,19,Semi-Urban,Premium,Yes,High,16810.107
674,9917063,46,Rural,Standard,Yes,High,25804.063000000002
675,5606563,36,Urban,Standard,No,High,19462.563000000002
676,8734679,45,Urban,Basic,No,Low,21276.679
677,6963768,8,Semi-Urban,Basic,No,Medium,12855.768
678,6106594,29,Urban,Premium,No,Low,19305.594
679,2450367,32,Semi-Urban,Basic,No,Low,12402.367
680,2410705,44,Semi-Urban,Basic,Yes,Medium,15285.705
681,2101596,18,Urban,Standard,No,Low,9525.596
682,4291481,6,Rural,Basic,Yes,Low,8482.481
683,5623122,18,Urban,Premium,No,Low,17216.122
684,8257202,19,Urban,Standard,No,Low,16273.202
685,6848564,22,Semi-Urban,Premium,No,High,20024.564
686,4650276,37,Semi-Urban,Standard,No,Low,15701.276
687,6223601,32,Semi-Urban,Basic,Yes,Low,15577.601
688,5854075,41,Semi-Urban,Standard,Yes,Medium,20060.075
689,5779548,3,Rural,Standard,Yes,Low,10137.547999999999
690,2882357,28,Rural,Basic,No,High,15353.357
691,8404069,10,Rural,Basic,No,Low,13272.069
692,2745131,35,Semi-Urban,Premium,No,Medium,17936.131
693,4746049,29,Semi-Urban,Premium,Yes,Medium,18233.049
694,8980473,15,Semi-Urban,Basic,No,High,16789.472999999998
695,5955770,33,Rural,Basic,No,Medium,17057.77
696,1572200,7,Semi-Urban,Basic,No,High,7944.2
697,3406158,12,Urban,Standard,No,Low,10119.158
698,1722869,49,Urban,Standard,No,Low,15867.869
699,3625354,30,Semi-Urban,Standard,No,Low,14289.354
700,5282883,21,Urban,Basic,Yes,High,14648.883
701,7001632,31,Urban,Premium,No,Low,21510.632
702,9802640,24,Rural,Basic,Yes,Low,18410.64
703,4482588,20,Semi-Urban,Standard,No,Low,13425.588
704,8583123,37,Semi-Urban,Standard,No,Low,21250.123
705,6660686,4,Rural,Basic,No,Low,10724.686
706,9806167,28,Urban,Basic,No,High,20260.167
707,1135605,44,Urban,Standard,No,Medium,16307.605
708,7979821,20,Semi-Urban,Standard,No,Medium,18503.821
709,5083897,24,Urban,Standard,No,Medium,14562.897
710,9703739,49,Rural,Basic,No,Low,21568.739
711,7913718,32,Rural,Standard,No,Low,18632.718
712,567661,41,Semi-Urban,Standard,No,Low,13638.661
713,7359991,36,Rural,Premium,No,Low,20729.991
714,8085153,34,Rural,Basic,No,Medium,19275.153
715,6414988,36,Semi-Urban,Premium,No,Low,20744.988
716,7058221,2,Rural,Premium,No,Low,15944.221000000001
717,1807506,15,Rural,Standard,Yes,Medium,10141.506000000001
718,3401614,34,Rural,Basic,Yes,High,14927.614
719,3466422,36,Urban,Standard,No,High,17107.422
720,4208654,6,Semi-Urban,Basic,Yes,High,12351.654
721,7815436,39,Semi-Urban,Premium,No,Medium,23342.436
722,618033,42,Semi-Urban,Basic,No,Low,12622.033
723,9518873,12,Urban,Standard,No,Medium,18549.873
724,6372354,3,Urban,Standard,No,Low,11508.354
725,1715502,45,Semi-Urban,Standard,No,Medium,17047.502
726,2819049,18,Urban,Basic,No,Medium,11267.048999999999
727,6792518,40,Semi-Urban,Premium,No,Low,21284.518
728,8087768,21,Urban,Premium,No,Medium,20835.768
729,4220464,15,Rural,Basic,No,High,12863.464
730,2692614,33,Rural,Standard,Yes,Low,13761.614
731,1270173,35,Semi-Urban,Premium,No,High,19170.173000000003
732,6142264,26,Urban,Standard,No,Low,16929.264
733,967010,8,Urban,Basic,No,Medium,6206.01
734,2155016,36,Rural,Standard,No,Medium,14027.016
735,4721038,48,Rural,Premium,No,Medium,22891.038
736,9812483,30,Urban,Premium,No,High,24570.483
737,8876430,23,Urban,Standard,No,High,19992.43
738,4380993,42,Urban,Basic,Yes,Medium,16302.993
739,3068103,44,Urban,Standard,Yes,Low,17285.103
740,8969872,14,Urban,Basic,No,High,18433.872
741,8911883,14,Urban,Standard,No,Low,17442.883
742,6982532,2,Semi-Urban,Premium,No,High,17811.532
743,5696467,37,Urban,Basic,No,Low,16235.467
744,6452793,5,Rural,Basic,No,Low,11661.793000000001
745,9461343,38,Semi-Urban,Basic,No,Medium,20899.343
746,2500609,45,Urban,Premium,Yes,Low,18589.609
747,9801434,41,Rural,Standard,No,Low,22594.434
748,3197143,47,Semi-Urban,Premium,Yes,Low,21091.143
749,9751130,14,Rural,Basic,Yes,Low,17014.13
750,9692300,39,Urban,Standard,No,Low,23480.300000000003
751,1814532,25,Urban,Premium,Yes,Low,14783.532
752,921240,20,Urban,Basic,Yes,Medium,10364.24
753,1444789,2,Urban,Basic,Yes,Low,5418.789
754,2713573,39,Semi-Urban,Premium,No,Medium,19093.573
755,9414501,6,Semi-Urban,Premium,No,Low,19056.501
756,2755363,17,Rural,Premium,No,High,17028.363
757,8875741,25,Urban,Basic,No,High,19489.741
758,5556861,28,Rural,Premium,No,Low,17905.861
759,6936446,2,Semi-Urban,Basic,No,Medium,11429.446
760,4648887,35,Urban,Premium,Yes,High,21337.887
761,9557014,37,Urban,Basic,No,High,23718.014000000003
762,4168866,5,Semi-Urban,Basic,No,Medium,10043.866
763,5112338,1,Semi-Urban,Standard,No,Low,10599.338
764,1533255,40,Semi-Urban,Premium,No,Medium,18949.255
765,7582212,12,Semi-Urban,Premium,No,Medium,18589.212
766,8702787,36,Semi-Urban,Basic,No,Medium,18950.787
767,5489847,45,Urban,Basic,No,Low,17564.847
768,9429285,23,Semi-Urban,Basic,No,High,19841.285
769,8143603,47,Urban,Standard,No,High,25192.603
770,3594235,31,Urban,Standard,No,Low,15474.235
771,6486126,11,Semi-Urban,Basic,No,Low,11875.126
772,3359653,10,Semi-Urban,Premium,No,Low,12756.653
773,887952,3,Urban,Premium,Yes,High,12407.952000000001
774,1530117,14,Semi-Urban,Standard,No,Medium,10658.117
775,3396818,16,Semi-Urban,Standard,Yes,Medium,11574.818
776,2857821,10,Semi-Urban,Basic,No,Medium,8688.821
777,9413742,29,Rural,Premium,No,Medium,23827.742
778,6084263,10,Urban,Basic,No,Low,10765.262999999999
779,744761,12,Rural,Standard,Yes,Medium,8967.761
780,8886180,30,Semi-Urban,Premium,No,Medium,21967.18
781,564323,41,Rural,Premium,Yes,High,17350.323
782,1737715,1,Semi-Urban,Standard,No,High,10209.715
783,8540979,5,Rural,Basic,No,High,16103.979
784,1454480,20,Semi-Urban,Basic,No,Medium,9275.48
785,7181134,8,Rural,Premium,No,Medium,15943.134
786,1354016,43,Rural,Standard,No,Medium,16851.016
787,5847417,12,Rural,Premium,Yes,High,18679.417
788,9753517,1,Urban,Standard,No,Low,15303.517
789,6309701,20,Rural,Basic,No,Low,14169.701000000001
790,9939101,28,Urban,Standard,No,Low,20154.101000000002
791,9171370,43,Semi-Urban,Basic,No,Medium,22999.370000000003
792,3383427,37,Rural,Standard,Yes,Low,16165.427
793,1916012,47,Semi-Urban,Premium,No,Low,18238.012000000002
794,6252810,37,Semi-Urban,Basic,No,Low,17827.81
795,1071650,12,Rural,Premium,No,Low,10920.65
796,4976576,37,Urban,Premium,Yes,High,22458.576
797,9274533,49,Rural,Basic,Yes,Low,21638.533
798,3363793,49,Semi-Urban,Basic,No,Medium,16633.792999999998
799,5409047,44,Semi-Urban,Premium,No,Medium,22196.047
800,7381289,28,Rural,Premium,Yes,High,23415.289
801,7922212,47,Urban,Premium,No,Low,23545.212
802,4257974,15,Urban,Premium,No,High,17958.974000000002
803,9291689,6,Semi-Urban,Basic,No,Medium,13841.689
804,7711179,44,Semi-Urban,Basic,No,High,22939.179
805,9267500,20,Urban,Premium,No,High,22115.5
806,4699591,14,Rural,Standard,No,Low,11180.591
807,6000545,2,Semi-Urban,Standard,No,Low,10536.545
808,8791923,9,Urban,Basic,No,Low,13608.923
809,3654240,37,Semi-Urban,Premium,Yes,Medium,20280.239999999998
810,9545310,20,Rural,Premium,Yes,Low,20316.309999999998
811,8296324,26,Urban,Basic,No,Low,16511.324
812,8612074,29,Semi-Urban,Standard,Yes,Medium,21023.074
813,2690222,1,Rural,Standard,No,Low,6418.222
814,3219269,35,Semi-Urban,Standard,Yes,Low,16138.269
815,7735574,6,Rural,Basic,Yes,Medium,14079.574
816,6172354,37,Rural,Standard,No,Low,18965.354
817,5705597,5,Urban,Basic,No,Low,10170.597
818,5784958,33,Rural,Basic,No,Medium,16610.958
819,1286667,49,Semi-Urban,Premium,Yes,Medium,20154.667
820,2212503,14,Rural,Standard,Yes,High,12137.503
821,4109736,12,Rural,Basic,No,Medium,9574.736
822,8560833,42,Urban,Standard,No,Medium,22594.833
823,7138155,20,Rural,Standard,No,Medium,15975.154999999999
824,1884418,24,Rural,Premium,No,High,17354.417999999998
825,886594,43,Semi-Urban,Standard,No,High,17214.594
826,3369760,34,Urban,Premium,No,High,19115.760000000002
827,1592501,25,Urban,Basic,No,Medium,9872.501
828,5738331,29,Urban,Standard,No,Low,15633.331
829,9025631,39,Rural,Basic,No,Low,20811.631
830,1635964,31,Urban,Standard,No,Low,12409.964
831,2655748,47,Rural,Basic,No,High,16764.748
832,4425282,43,Rural,Standard,No,Medium,17650.282
833,1373172,23,Semi-Urban,Standard,Yes,Medium,10964.172
834,9410852,44,Semi-Urban,Standard,Yes,Low,22679.852
835,6155378,38,Semi-Urban,Standard,No,High,20335.378
836,5373594,20,Semi-Urban,Standard,No,Low,15178.594000000001
837,4563309,23,Semi-Urban,Standard,Yes,Low,13874.309000000001
838,7441245,45,Rural,Standard,No,Low,20170.245
839,9951244,16,Rural,Standard,No,Medium,17839.244
840,8317304,42,Urban,Standard,No,Medium,23274.304
841,1329735,8,Rural,Basic,No,High,7930.735000000001
842,7521862,21,Rural,Premium,No,Low,19853.862
843,8851245,1,Semi-Urban,Standard,Yes,Medium,13599.245
844,5782591,8,Rural,Premium,Yes,Medium,15070.591
845,7983058,29,Semi-Urban,Standard,Yes,Low,17669.058
846,3062469,32,Urban,Standard,No,High,16431.469
847,3586176,38,Urban,Basic,Yes,Medium,15191.176
848,7009590,5,Rural,Basic,No,Medium,13274.59
849,5845854,47,Urban,Premium,No,High,25469.854
850,7990200,22,Rural,Basic,No,Medium,17394.2
851,5383680,47,Urban,Basic,Yes,Low,19085.68
852,4181262,34,Semi-Urban,Premium,Yes,Medium,20264.262
853,5133078,1,Semi-Urban,Basic,Yes,Low,8940.078000000001
854,3109089,26,Semi-Urban,Standard,No,Low,13598.089
855,3008749,43,Semi-Urban,Premium,No,Low,17878.749
856,1414228,10,Rural,Premium,Yes,Medium,10536.228
857,1453959,30,Urban,Standard,Yes,Medium,13233.958999999999
858,8405477,18,Rural,Basic,Yes,Low,15449.477
859,3869538,17,Semi-Urban,Premium,Yes,Medium,14527.538
860,845266,26,Rural,Premium,No,High,15492.266
861,5037358,8,Urban,Standard,No,Low,12231.358
862,9996563,47,Rural,Standard,No,Low,23758.563000000002
863,7367100,40,Urban,Basic,No,Medium,18891.1
864,5775034,49,Rural,Premium,Yes,Low,22462.034
865,8053974,12,Urban,Basic,No,Medium,13660.974
866,6597091,27,Urban,Basic,No,Low,14145.091
867,3677993,8,Semi-Urban,Standard,No,Medium,10214.993
868,8205092,25,Urban,Premium,No,Medium,22407.092
869,8083354,46,Semi-Urban,Premium,Yes,Medium,26004.354
870,3631209,4,Semi-Urban,Premium,Yes,High,13288.209
871,6313365,33,Semi-Urban,Standard,Yes,High,20153.364999999998
872,4557893,1,Rural,Standard,No,Medium,11187.893
873,6191276,19,Rural,Standard,No,Medium,14946.276
874,5897662,31,Rural,Standard,No,Low,17229.662
875,2305468,16,Rural,Standard,No,Medium,10633.468
876,3927975,14,Urban,Premium,No,Low,13212.975
877,6856228,48,Urban,Basic,No,High,21155.228
878,9014716,5,Rural,Premium,Yes,Low,16384.716
879,6025633,41,Urban,Basic,No,Medium,18238.633
880,2580154,26,Urban,Standard,Yes,Low,13262.154
881,2744702,28,Semi-Urban,Basic,No,Medium,12815.702000000001
882,3877778,2,Semi-Urban,Premium,No,High,13024.778
883,6235193,6,Semi-Urban,Premium,Yes,Low,14222.193
884,8226890,9,Semi-Urban,Basic,No,High,16837.89
885,6397498,33,Urban,Standard,No,Low,18575.498
886,8857956,41,Rural,Standard,No,Medium,23078.956
887,8704298,25,Urban,Premium,No,High,23476.298000000003
888,9276957,48,Urban,Basic,No,Low,21480.957000000002
889,9951337,13,Urban,Standard,Yes,High,20240.337
890,6343493,9,Semi-Urban,Standard,Yes,Low,13060.493
891,3886501,13,Semi-Urban,Premium,Yes,Low,14306.501
892,7895350,31,Semi-Urban,Standard,No,High,20596.35
893,5088334,41,Rural,Basic,Yes,Low,15836.333999999999
894,8964685,11,Urban,Premium,No,High,21029.684999999998
895,7668362,4,Rural,Premium,No,High,17806.362
896,4827819,34,Semi-Urban,Basic,No,Low,15057.819
897,7784953,38,Rural,Premium,No,Medium,23832.953
898,1755564,46,Urban,Standard,No,Low,15302.564
899,9014493,4,Urban,Standard,No,Medium,14927.493
900,9430264,38,Semi-Urban,Basic,Yes,Low,19441.264000000003
901,9559296,19,Semi-Urban,Standard,Yes,Low,19338.296000000002
902,4924507,6,Rural,Basic,No,Low,8801.507000000001
903,3292427,34,Semi-Urban,Basic,Yes,Medium,13250.427
904,3857679,18,Semi-Urban,Standard,Yes,High,15518.679
905,6248035,13,Urban,Basic,No,High,13720.035
906,4890020,41,Semi-Urban,Standard,Yes,Medium,19862.02
907,3181719,23,Semi-Urban,Premium,No,Medium,15877.719000000001
908,1390695,19,Urban,Premium,Yes,High,14292.695
909,1338761,45,Urban,Basic,No,Low,12553.761
910,7867664,11,Rural,Standard,No,Medium,16563.664
911,9388923,1,Semi-Urban,Standard,No,High,17152.923000000003
912,5852825,24,Urban,Premium,No,Low,18492.825
913,9387324,7,Rural,Premium,No,Medium,19749.324
914,3821127,25,Rural,Standard,Yes,High,15547.127
915,3059272,21,Semi-Urban,Basic,No,High,13003.272
916,2776106,15,Semi-Urban,Premium,No,Medium,13841.106
917,7460534,1,Rural,Basic,No,Low,10335.534
918,7874592,12,Urban,Basic,No,Low,12556.592
919,7075716,7,Rural,Premium,Yes,Low,15556.716
920,2502324,15,Semi-Urban,Basic,No,Medium,10410.324
921,6762105,21,Urban,Basic,No,Low,14114.105
922,7171318,19,Urban,Standard,Yes,High,17918.318
923,994592,29,Rural,Basic,No,Low,9458.592
924,4078226,25,Semi-Urban,Standard,Yes,Low,14295.226
925,6649031,33,Rural,Premium,Yes,Medium,21397.031
926,2927540,49,Rural,Premium,Yes,Medium,19793.54
927,2215630,32,Rural,Standard,Yes,Low,14168.630000000001
928,818408,49,Urban,Premium,No,Medium,18254.408
929,9356884,35,Urban,Basic,Yes,Medium,19669.884
930,9400019,44,Semi-Urban,Basic,No,Low,20764.019
931,3617172,38,Semi-Urban,Basic,No,Low,14818.172
932,9772985,26,Rural,Premium,Yes,High,24297.985
933,6804680,11,Rural,Basic,No,Medium,13109.68
934,4735042,35,Rural,Premium,No,Low,18760.042
935,2398739,8,Semi-Urban,Basic,No,High,10749.739
936,1517433,46,Urban,Standard,Yes,High,17378.433
937,8604010,14,Urban,Premium,No,Medium,19208.010000000002
938,5161029,10,Rural,Premium,No,Medium,16612.029000000002
939,4178086,2,Rural,Basic,Yes,High,9613.086
940,2081530,46,Rural,Premium,Yes,High,21172.53
941,2587258,9,Rural,Premium,No,Medium,12622.258
942,5356447,3,Semi-Urban,Standard,Yes,Medium,12376.447
943,8869066,21,Urban,Standard,No,Medium,19733.066
944,7357658,26,Rural,Basic,No,Medium,16184.658
945,1496530,8,Semi-Urban,Standard,No,Low,7344.53
946,9659861,48,Rural,Basic,No,Medium,22363.861
947,3101623,2,Rural,Basic,Yes,High,8046.623
948,6731219,6,Urban,Basic,Yes,Medium,12285.219000000001
949,4608997,28,Rural,Premium,No,Medium,18447.997
950,3864695,29,Urban,Standard,No,Medium,15145.695
951,1545482,26,Urban,Basic,No,Low,9704.482
952,6286265,25,Urban,Standard,Yes,Medium,17301.265
953,6408635,12,Semi-Urban,Basic,Yes,Medium,13644.635
954,7987345,5,Semi-Urban,Standard,Yes,Low,14983.345000000001
955,1070451,34,Urban,Standard,No,Low,12851.451000000001
956,8908424,48,Rural,Basic,Yes,High,24567.424
957,1467344,37,Urban,Premium,No,Low,16374.344000000001
958,2912149,15,Rural,Standard,No,Low,11475.149
959,5898869,44,Urban,Premium,No,High,25198.869
960,3852252,36,Rural,Premium,No,Medium,20342.252
961,4232839,15,Semi-Urban,Basic,Yes,Medium,12205.839
962,9927504,43,Rural,Basic,No,High,23938.504
963,7522336,48,Urban,Basic,No,Low,20416.336
964,6268927,23,Semi-Urban,Standard,No,Medium,17170.927
965,3378604,6,Rural,Basic,No,Medium,9331.604
966,4827858,46,Rural,Basic,No,High,18641.858
967,7933533,44,Rural,Standard,Yes,Medium,22836.533
968,9152831,43,Rural,Standard,Yes,Medium,23574.831
969,6484684,45,Rural,Basic,No,Medium,20344.684
970,3194287,21,Semi-Urban,Basic,No,Medium,12838.287
971,7011634,23,Semi-Urban,Basic,Yes,Medium,17052.634
972,5121056,43,Semi-Urban,Basic,No,Medium,17819.056
973,9476973,16,Semi-Urban,Premium,No,Medium,20653.972999999998
974,1203662,47,Urban,Premium,Yes,Medium,19108.662
975,1805585,15,Semi-Urban,Basic,No,Medium,8931.585
976,4592097,25,Rural,Premium,No,Medium,16888.097
977,3159440,36,Rural,Standard,Yes,High,18584.440000000002
978,4443645,11,Semi-Urban,Premium,No,Medium,16005.645
979,4995013,15,Rural,Premium,No,High,17557.013
980,6594467,4,Semi-Urban,Basic,No,High,12152.467
981,6017366,21,Rural,Premium,No,Medium,19271.366
982,3948678,13,Urban,Premium,No,Medium,15644.678
983,5711593,22,Urban,Premium,No,High,20819.593
984,8870262,19,Semi-Urban,Premium,No,Medium,21562.262000000002
985,5346769,34,Semi-Urban,Standard,No,High,18321.769
986,7949607,14,Semi-Urban,Basic,Yes,Medium,14749.607
987,4543064,4,Rural,Basic,Yes,Medium,10261.064
988,3102967,48,Semi-Urban,Standard,Yes,Low,17869.967
989,3938550,46,Urban,Premium,No,Medium,20413.55
990,576218,27,Rural,Standard,Yes,High,12651.218
991,7378974,29,Semi-Urban,Premium,No,Medium,22001.974000000002
992,1270044,47,Rural,Standard,Yes,Medium,16221.044
993,6079079,28,Rural,Basic,Yes,High,17535.078999999998
994,3685714,35,Semi-Urban,Basic,No,Medium,15788.714
995,2228096,8,Rural,Basic,No,Medium,7374.096
996,9236347,16,Urban,Premium,Yes,Medium,20571.347
997,9360935,42,Urban,Premium,No,Medium,26843.934999999998
998,8167105,36,Rural,Standard,No,Low,20907.105
999,3194946,30,Semi-Urban,Standard,Yes,Medium,14132.946
1000,4729215,18,Rural,Basic,No,Medium,13081.215
